name,Images,Description,Location,Weekend,Weekday,Tag1,Tag2,Link
Kek Lok Si Temple,"homepage/kekloksi.jpg","Kek Lok Si, one of the largest and most impressive Buddhist temples in Southeast Asia, stands majestically on a hill in Air Itam, Penang. The temple, whose name means 'Temple of Supreme Bliss,' was founded in the 19th century by a Chinese monk, and its complex features grand architectural elements, intricate carvings, and a series of beautiful pagodas. The temple is famous for its stunning seven-story pagoda, which is topped with a massive statue of the Goddess of Mercy, Kuan Yin. The temple grounds are filled with statues of various Buddhist deities, beautifully landscaped gardens, and a giant statue of Kuan Yin, making it a serene and spiritually enriching place to visit. A prominent feature is its grand lighting display during the Chinese New Year celebrations, attracting both locals and tourists from around the world.","Jln Balik Pulau, 11500 Ayer Itam, Pulau Pinang","8:30 AM - 5:30 PM","8:30 AM - 5:30 PM",Temple,Religious,"https://www.google.com/maps/place/Kek+Lok+Si+Temple/@5.3996466,100.2687471,17z/data=!3m1!4b1!4m6!3m5!1s0x304ac2185dfc8665:0x2c9084ea7f433ec4!8m2!3d5.3996413!4d100.2736126!16zL20vMDVxMnBo?entry=ttu&g_ep=EgoyMDI0MTIxMS4wIKXMDSoASAFQAw%3D%3D"
Dhammikarama Burmese Temple,"homepage/Dhammikarama.avif","Dhammikarama Burmese Temple, located in Penang, is the oldest Burmese Buddhist temple in Malaysia, founded in 1803. The temple features a beautiful and serene atmosphere, offering a tranquil space for meditation and spiritual reflection. The temple's architecture is inspired by traditional Burmese designs, with intricate wooden carvings, vibrant murals, and golden statues of the Buddha. One of its standout features is the large reclining Buddha statue, a prominent symbol of peace and enlightenment. Surrounded by lush greenery, the temple grounds also include a lovely garden, making it an ideal place for peaceful contemplation and quiet walks. Visitors can explore the temple's unique Burmese influence, its historical significance, and its rich spiritual heritage. The temple hosts various religious ceremonies and events, particularly during significant Buddhist festivals, drawing both locals and tourists.","24, Jalan Burma, Pulau Tikus, 10250 George Town, Pulau Pinang","9 AM - 5 PM","9 AM - 5 PM",Temple,Religious,"https://www.google.com/maps/place/Dhammikarama+Burmese+Temple/@5.4312071,100.311478,17z/data=!3m1!4b1!4m6!3m5!1s0x304ac30785882b4f:0x4c7ae814740a959c!8m2!3d5.4312018!4d100.3140583!16s%2Fm%2F0472ftl?entry=ttu&g_ep=EgoyMDI0MTIxMS4wIKXMDSoASAFQAw%3D%3D"
Chaiya Mangalaram Thai Buddhist Temple,"homepage/ChaiyaMangalaram.jpg","Chaiya Mangalaram Thai Buddhist Temple, also known as Wat Chaiya Mangalaram, is a stunning Buddhist temple in Penang, Malaysia, reflecting the architectural style of Thailand. Established in 1845, the temple is famous for its beautiful golden Buddha statue and traditional Thai design elements. The temple features ornate decorations, intricate carvings, and large murals depicting scenes from the Buddha's life. The highlight of the temple is the impressive 33-meter-long reclining Buddha, one of the largest of its kind in the world. Surrounded by peaceful gardens and tranquil surroundings, the temple provides a serene environment for meditation and reflection. Visitors can explore the temple's unique cultural influences, its serene ambiance, and its deep spiritual significance. Chaiya Mangalaram is a popular destination for both spiritual seekers and tourists looking to experience the beauty and history of Thai Buddhism in Malaysia.","17, Lorong Burma, Pulau Tikus, 10250 George Town, Pulau Pinang","8 AM - 4 PM","8 AM - 4 PM",Temple,Religious,"https://www.google.com/maps/place/Chaiya+Mangalaram+Thai+Buddhist+Temple/@5.4317143,100.3089635,17z/data=!3m1!4b1!4m6!3m5!1s0x304ac30784d99135:0x8beb290b17dadb0d!8m2!3d5.431709!4d100.313829!16s%2Fg%2F11b7v4tvv5?entry=ttu&g_ep=EgoyMDI0MTIxMS4wIKXMDSoASAFQAw%3D%3D"
Kapitan Keling Mosque,"homepage/KapitanKeling.jpg","Kapitan Keling Mosque, located in the heart of George Town, Penang, is one of the oldest and most significant mosques in Malaysia. Built in 1801, it was founded by the Indian Muslim community, specifically the Keling Muslims, who were among the first to settle in the area. The mosque features a stunning blend of Islamic and colonial architecture, with its elegant white walls, a large dome, and intricately designed minaret. The mosque is named after the 'Kapitan' (leader) of the Indian Muslim community, Cauder Mohideen, who played a key role in the establishment of the mosque. Its tranquil courtyard and lush surroundings offer visitors a serene place to reflect and pray. Today, the mosque continues to serve as an important religious and cultural landmark, welcoming both worshippers and tourists alike. Its historical significance and architectural beauty make it a must-visit attraction for those interested in Penang,s diverse heritage.","14, Jln Buckingham, George Town, 10200 George Town, Pulau Pinang","5 AM - 10 PM","5 AM - 10 PM",Mosque,Historical,"https://www.google.com/maps/place/Kapitan+Keling+Mosque/@5.4169626,100.3345403,17z/data=!3m1!4b1!4m6!3m5!1s0x304ac391b89a9aab:0x45471342dd49ed63!8m2!3d5.4169573!4d100.3371206!16zL20vMGMwMjgx?entry=ttu&g_ep=EgoyMDI0MTIxMS4wIKXMDSoASAFQAw%3D%3D"
Goddess of Mercy Temple (Kuan Yin Teng),"homepage/KuanYinTeng.jpg","The Goddess of Mercy Temple, also known as Kuan Yin Teng, is one of the oldest and most venerated temples in Penang. Built in 1728, this Buddhist temple is dedicated to Kuan Yin, the Goddess of Mercy, who is known for her compassion and kindness. The temple is renowned for its beautifully carved wooden pillars, intricate roof tiles, and serene atmosphere. Visitors are often drawn to the temple for its cultural significance and spiritual energy. Located in the heart of George Town, Kuan Yin Teng serves as a center for worship and devotion, drawing locals and tourists alike. The temple's central location makes it a key part of Penang's cultural landscape, and its historical importance is evident in its architectural details. In addition to its religious significance, the temple also stands as a testament to Penang's rich multicultural heritage.","30, Jln Masjid Kapitan Keling, George Town, 10200 George Town, Pulau Pinang","8 AM - 6 PM","8 AM - 6 PM",Buddhist Temple,Historical,"https://www.google.com/maps/place/Goddess+Of+Mercy+Temple/@5.4184309,100.3361459,17z/data=!3m1!4b1!4m6!3m5!1s0x304ac390274c094d:0x4060eb87259dfe19!8m2!3d5.4184256!4d100.3387262!16s%2Fm%2F02wck7l?entry=ttu&g_ep=EgoyMDI0MTIxMS4wIKXMDSoASAFQAw%3D%3D"
Arulmigu Balathandayuthapani Temple,"homepage/Balathan.png","Arulmigu Balathandayuthapani Temple, also known as the Waterfall Hill Temple, is one of the most significant Hindu temples in Penang. Located on the slopes of the picturesque Waterfall Hill in George Town, the temple is dedicated to Lord Murugan, the Hindu God of War. The temple was established in the early 19th century and has since become a major pilgrimage site, especially during the Thaipusam festival. The temple features intricate sculptures, colorful carvings, and a majestic 18-step staircase that leads visitors up to the temple complex, symbolizing the path to enlightenment. The temple complex offers a serene and spiritual atmosphere, making it a popular destination for both worshippers and tourists. It is known for its vibrant festivals, particularly Thaipusam, where devotees undertake spiritual vows, offering their devotion through various rituals and acts of penance. The temple's peaceful surroundings and rich cultural heritage make it an important symbol of Hindu tradition in Penang.","17, Jalan Kebun Bunga, Pulau Tikus, 10350 George Town, Pulau Pinang","6 AM - 9 PM, 12 PM - 4:30 PM (Rest)","6 AM - 9 PM, 12 PM - 4:30 PM (Rest)",Temple,Cultural,"https://www.google.com/maps/place/Arulmigu+Balathandayuthapani+Temple+ABT/@5.4326287,100.2910064,17z/data=!3m1!4b1!4m6!3m5!1s0x304ac2f7f574af5d:0x90e245d0cae88953!8m2!3d5.4326234!4d100.2935867!16s%2Fm%2F011jk9m9?entry=ttu&g_ep=EgoyMDI0MTIxMS4wIKXMDSoASAFQAw%3D%3D"
Snake Temple,"homepage/SnakeTemple.jpg","The Snake Temple, also known as the Temple of the Azure Cloud, is located in Bayan Lepas, Penang. Built in 1850, this historic Chinese temple is dedicated to the Buddhist monk, Chor Soo Kong, who is believed to have healing powers. The temple is famous for its resident snakes, particularly the pit vipers, which can be found slithering around the temple grounds and inside the temple. The snakes are considered sacred, and their presence is thought to have a spiritual significance. Visitors to the temple can witness these snakes, which are not harmful as they have been accustomed to the environment. The Snake Temple is a unique fusion of religion and nature, attracting tourists and devotees alike, particularly those interested in the mystical and cultural aspects of Penang. The temple also hosts annual religious events and is a symbol of devotion and healing.","10, Jalan Sultan Azlan Shah, Bandar Bayan Baru, 11900 Bayan Lepas, Pulau Pinang","9 AM - 5 PM","9 AM - 5 PM",Temple,Unique,"https://example.com/snake-temple-link"
Sri Mahamariamman Temple,"homepage/SriMahamariamman.jpg","Sri Mahamariamman Temple, located in George Town, Penang, is one of the oldest and most prominent Hindu temples in Malaysia. Built in 1833, the temple is dedicated to the goddess Mariamman, who is believed to possess healing powers and protect devotees from diseases. The temple is renowned for its beautifully ornate architecture, featuring intricate carvings, vivid colors, and a towering gopuram (entrance tower) adorned with statues of Hindu deities. The Sri Mahamariamman Temple is a focal point of Hindu worship in the region and hosts vibrant festivals, such as the annual Thaipusam procession, where devotees offer prayers and fulfill vows. The temple is a significant part of Penang's cultural and religious landscape, drawing both locals and tourists seeking spiritual connection and cultural insight.","Hindu Temple, Lebuh Queen, George Town, 10450 George Town, Pulau Pinang","8 AM - 9:05 PM, 12 PM - 5 PM (Rest)","8 AM - 9:05 PM, 12 PM - 5 PM (Rest)",Temple,Historical,"https://www.google.com/maps/place/Sri+Mahamariamman+Temple/@5.4171843,100.3334734,17z/data=!3m1!4b1!4m6!3m5!1s0x304ac391d7a17b23:0xdd78a6522b7d7476!8m2!3d5.417179!4d100.3383389!16zL20vMGd3NDU3?entry=ttu&g_ep=EgoyMDI0MTIxMS4wIKXMDSoASAFQAw%3D%3D"
Yap Kongsi Temple,"homepage/YapKongsi.jpg","Yap Kongsi Temple, located in George Town, Penang, is one of the most remarkable and historical Chinese clan temples in Malaysia. Established in the 19th century, it serves as the clan association of the Yap family, a prominent clan in Penang's early settlement. The temple is a beautiful example of traditional Chinese architecture, with intricate wood carvings, ornate decorations, and a grand hall that showcases the temple's rich history and cultural heritage. Yap Kongsi Temple is not only a place of worship but also a symbol of unity and strength for the Yap clan. The temple hosts various cultural events and festivals, including Chinese New Year celebrations and the annual Qingming Festival, where descendants honor their ancestors. Its historical significance and architectural beauty make it an important site for both locals and tourists alike.","Lbh Armenian, George Town, 10450 George Town, Pulau Pinang",Closed,"9 AM - 5 PM",Temple,Cultural,"https://www.google.com/maps/place/Yap+Kongsi%E5%8F%B6%E5%AE%97%E7%A5%A0/@5.4153945,100.3343186,17z/data=!3m1!4b1!4m6!3m5!1s0x304ac3918be3b615:0x281aad5789b1c1e4!8m2!3d5.4153892!4d100.3368989!16s%2Fg%2F1tfz7m8h?entry=ttu&g_ep=EgoyMDI0MTIxMS4wIKXMDSoASAFQAw%3D%3D"
Sam Poh Footprint Temple,"homepage/SamPoh.jpg","The Sam Poh Footprint Temple, located in Teluk Bahang, Penang, is a significant Chinese temple known for its unique footprint-shaped imprint. This temple is revered as a sacred site, with a history dating back to the early 19th century. It is said that the footprint represents the spiritual journey of the Buddhist monk and symbolizes divine protection. Visitors to the temple are drawn to its peaceful atmosphere, spiritual significance, and stunning architectural design, which blends traditional Chinese elements with Buddhist influences. The temple also offers a panoramic view of the surrounding landscape, adding to its serene ambiance. It is a popular destination for both pilgrims and tourists looking to explore Penang's rich cultural and religious history.","Jalan Pecah Batu, Brinchang, 39000 Brinchang, Pahang","8 AM - 5 PM","8 AM - 5 PM",Temple,Cultural,"https://www.google.com/maps/place/Sam+Poh+Temple/@4.4887872,101.3858798,17z/data=!3m1!4b1!4m6!3m5!1s0x31ca59cb7b31badb:0xb68f01dfbb9c2a7b!8m2!3d4.4887819!4d101.3907453!16s%2Fg%2F1hc12vctc?entry=ttu&g_ep=EgoyMDI0MTIxMS4wIKXMDSoASAFQAw%3D%3D"